{
    "root_group": {
        "name": "",
        "path": "",
        "id": "d41d8cd98f00b204e9800998ecf8427e",
        "groups": {},
        "checks": {
                "signup status matches expectation": {
                    "id": "3d816e3009b1f0200ad58a2f9a66ce79",
                    "passes": 168366,
                    "fails": 0,
                    "name": "signup status matches expectation",
                    "path": "::signup status matches expectation"
                },
                "accepted response includes X-User-Id": {
                    "fails": 0,
                    "name": "accepted response includes X-User-Id",
                    "path": "::accepted response includes X-User-Id",
                    "id": "ef0c00b8e5e510ae6e35160d544221f2",
                    "passes": 168366
                }
            }
    },
    "metrics": {
        "data_received": {
            "count": 71728972,
            "rate": 71723.03510066647
        },
        "http_reqs": {
            "count": 168366,
            "rate": 168.3520645989296
        },
        "checks": {
            "passes": 336732,
            "fails": 0,
            "thresholds": {
                "rate>0.99": false
            },
            "value": 1
        },
        "http_req_waiting": {
            "max": 52823.752073,
            "p(90)": 3413.2519279999997,
            "p(95)": 5176.791226249999,
            "avg": 1668.826278117618,
            "min": 147.325746,
            "med": 1182.4514075
        },
        "http_req_sending": {
            "p(95)": 0.134874,
            "avg": 0.102671109618331,
            "min": 0.036023,
            "med": 0.082467,
            "max": 2406.071541,
            "p(90)": 0.11922
        },
        "vus": {
            "value": 1,
            "min": 1,
            "max": 500
        },
        "http_req_failed": {
            "passes": 0,
            "fails": 168366,
            "thresholds": {
                "rate<0.05": false
            },
            "value": 0
        },
        "http_req_duration": {
            "p(95)": 5177.49314075,
            "avg": 1668.98376389092,
            "min": 147.497995,
            "med": 1182.592274,
            "max": 52823.894494,
            "p(90)": 3413.4226710000003,
            "thresholds": {
                "p(95)<1500": true
            }
        },
        "http_req_blocked": {
            "p(95)": 0.000306,
            "avg": 0.27768693920941856,
            "min": 0.00009,
            "med": 0.000198,
            "max": 1067.017162,
            "p(90)": 0.000271
        },
        "http_req_tls_handshaking": {
            "avg": 0.14814847016024615,
            "min": 0,
            "med": 0,
            "max": 1007.987507,
            "p(90)": 0,
            "p(95)": 0
        },
        "data_sent": {
            "count": 36813519,
            "rate": 36810.47200029651
        },
        "http_req_connecting": {
            "avg": 0.1257789594454936,
            "min": 0,
            "med": 0,
            "max": 101.447164,
            "p(90)": 0,
            "p(95)": 0
        },
        "iterations": {
            "count": 168366,
            "rate": 168.3520645989296
        },
        "vus_max": {
            "value": 500,
            "min": 500,
            "max": 500
        },
        "http_req_duration{expected_response:true}": {
            "p(90)": 3413.4226710000003,
            "p(95)": 5177.49314075,
            "avg": 1668.98376389092,
            "min": 147.497995,
            "med": 1182.592274,
            "max": 52823.894494
        },
        "http_req_receiving": {
            "avg": 0.05481466367912687,
            "min": 0.010965,
            "med": 0.037519,
            "max": 2406.946385,
            "p(90)": 0.061783,
            "p(95)": 0.074713
        },
        "iteration_duration": {
            "max": 49489.87905,
            "p(90)": 2724.1440435000004,
            "p(95)": 4017.442808,
            "avg": 1502.4246928599098,
            "min": 147.696085,
            "med": 1150.4652685
        }
    }
}